,First Name,Last Name,Email,Customer_id
0,Inri,Zakariah,zoda-fadosu91@mail.com,1
1,Wess,Sarahbella,galo-hujayi65@outlook.com,2
2,Remmy,Delmi,puhoro_bena73@outlook.com,3
3,Kassian,Leelan,yilo_cuvive92@mail.com,4
4,Kaliyan,Jiles,vebat-eloga30@mail.com,5
5,Raisa,Kaliope,muyax-okoca15@outlook.com,6
6,Samiul,Nickolai,bafo-tuyaze81@gmail.com,7
7,Jozlynn,Leeya,gurin_uboyo30@outlook.com,8
8,Davyn,Loukas,ficop_ehite29@gmail.com,9
9,Ryad,Murphie,ziduk_oparu92@hotmail.com,10
10,Roxann,Indi,nulu_bisaco64@outlook.com,11
11,Jamien,Dermot,nida_putopi48@aol.com,12
12,Eleri,Snow,zuwunu-jiwu87@hotmail.com,13
13,Ahmiya,Ostin,xaja-niboze79@aol.com,14
14,Rebel,Tammy,nedu-xelibi22@hotmail.com,15
15,Leanne,Knox,tome_tugito79@mail.com,16
16,Charlee,Kelanie,cog-elopece63@hotmail.com,17
17,Morton,Kyle,xogac_odude99@gmail.com,18
18,Keysha,Lev,rit-atofifu41@yahoo.com,19
19,Kani,Jaiyah,mapak-oyayu95@yahoo.com,20
20,Loganjames,Aro,woc_obugeku61@mail.com,21
21,Ariella,Brelynn,huyaj_ewobe8@mail.com,22
22,Mumin,Ciarra,pux_ahotobi61@outlook.com,23
23,Kainin,Shane,gapej_efuri92@mail.com,24
24,Runa,Davonta,soro_pebocu5@outlook.com,25
25,Nakoma,Eternity,tuj-imufudo72@outlook.com,26
26,Kaysten,Shagun,kuhiv-uhogi27@yahoo.com,27
27,Hammad,Cheyann,mah-opajava77@hotmail.com,28
28,Timberlyn,Seiji,pat_anumoci95@yahoo.com,29
29,Thoreau,Mihaela,car-inejolo18@mail.com,30
30,Mumtaz,Arshan,woc-ehasucu23@mail.com,31
31,Zeniyah,Dj,yixapif-ili19@mail.com,32
32,Karlyn,Ralph,jah-okipepo95@gmail.com,33
33,Hersh,Tasfia,viko_xipedo21@gmail.com,34
34,Kaislynn,Kaian,vucor_ugiko87@yahoo.com,35
35,Bogdan,Kalayah,mow-anurali71@aol.com,36
36,Tracey,Caledonia,badeyi_kefi78@yahoo.com,37
37,Jodeci,Craig,sumege_jitu64@hotmail.com,38
38,Jehlani,Khori,fapi-wukuju5@outlook.com,39
39,Chriss,Asif,tasokos_ape93@mail.com,40
40,Diyor,Camari,meb_uwibuya87@outlook.com,41
41,Dalila,Evangelia,ruceyu-wuxi83@outlook.com,42
42,Lynne,Jingyi,nufa-rojusi62@gmail.com,43
43,Halaina,Feras,lut_onobini20@hotmail.com,44
44,Joellen,Simra,siyij-epoku26@mail.com,45
45,Kenn,Hudayfa,kud_ukajuya6@outlook.com,46
46,Kaeleb,Treylon,noyipom-egu36@hotmail.com,47
47,Milena,Maraya,rocoh-idoja99@yahoo.com,48
48,Jasmin,Micha,darak-eciku14@mail.com,49
49,Illianna,Waylynn,casej_imomu2@yahoo.com,50
50,Azra,Elya,xucuso-koke20@hotmail.com,51
51,Maison,Ondre,weluxid-ubi11@hotmail.com,52
52,Ivylynn,Taysen,likuc_amiwo87@mail.com,53
53,Tayton,Zayaan,rukefum_ika94@aol.com,54
54,Arleigh,Mickaela,gekoke-haya98@gmail.com,55
55,Ramira,Herson,kir_akakuhi20@aol.com,56
56,Aeva,Caitriona,losic-ojafe61@aol.com,57
57,Razia,Desteny,romiru_rofo24@yahoo.com,58
58,Devonta,Miah,cucaya-jula38@hotmail.com,59
59,Koben,Wess,xiyote-wame69@yahoo.com,60
60,Davin,Hastings,tihu_cudobo39@aol.com,61
61,Mouhamed,Agamjot,jiyux-ecaya21@outlook.com,62
62,Leilany,Matilde,jiwejin_ili26@aol.com,63
63,Marena,Mckinleigh,konaye-tihe42@yahoo.com,64
64,Luken,Keliah,fonet_avuva61@aol.com,65
65,Javian,Albertina,bina_yaxoso59@mail.com,66
66,Frimet,Adelyn,xiwamal_oxi22@mail.com,67
67,Adell,Elionna,pulayof_uze46@hotmail.com,68
68,Khai,Kenslee,mutike-vase3@aol.com,69
69,Meyah,Jorge,cihut_ehugi96@outlook.com,70
70,Hala,Andreana,teseri_sozu28@outlook.com,71
71,Amala,Jerin,wijiba-sade37@outlook.com,72
72,Demetria,Fardeen,cumu_juhowe13@gmail.com,73
73,Huntlee,Rameses,hohatog_oro50@mail.com,74
74,Seger,Jaimee,kix-epeboce94@gmail.com,75
75,Pau,Baran,hok_egifaro1@aol.com,76
76,Analina,Madelina,xel-ulifava17@outlook.com,77
77,Nechemya,Jex,kusomu-tifi28@hotmail.com,78
78,Brigette,Avett,rokusig_ora85@hotmail.com,79
79,Eghosa,Mehr,kuhiko_teji21@mail.com,80
80,Hung,Ajsa,xit-ipuwomi55@mail.com,81
81,Blaine,Yamilette,cisi-tipoxu73@outlook.com,82
82,Chenoa,Nikshay,dudejim_uyu48@hotmail.com,83
83,Jhream,Emory,vuv-ahipawe11@outlook.com,84
84,Aaliah,Iyanni,tofuy_olevi16@gmail.com,85
85,Cyniah,Gregg,deb_iboxaxe69@yahoo.com,86
86,Dhara,Grant,gilen-ufonu3@outlook.com,87
87,Arena,Vitalina,sewo_vewewa19@gmail.com,88
88,Zakhari,Thaxton,noti-ziraga55@gmail.com,89
89,Konnar,Nasiya,fisaza_jido24@hotmail.com,90
90,Iveth,Cesar,ben_owodiwu55@aol.com,91
91,Bashir,Alyse,yivo_kasiye50@yahoo.com,92
92,Trek,Aabir,lutawov_obu29@gmail.com,93
93,Kermit,Jasiyah,kidiw-ulowi44@mail.com,94
94,Collier,Johnny,laserem_uvu60@outlook.com,95
95,Yandiel,Phenix,doj_ocovome97@yahoo.com,96
96,Deriah,Jeric,kakohey_ara62@outlook.com,97
97,Bryceton,Nature,wacuy_awopi15@outlook.com,98
98,Johannah,Sanii,bubuki_wiro59@hotmail.com,99
99,Isaack,Rex,tibep-itabo69@yahoo.com,100
100,Kannen,Eseosa,forib-owamu76@yahoo.com,101
101,Nelani,Trinity,tuc-udofeke41@gmail.com,102
102,Mayuri,Nakhi,lofik-opuwi83@outlook.com,103
103,Braedyn,Kayson,nen_upotepe37@yahoo.com,104
104,Wanda,Chanson,tetis_ezadi16@outlook.com,105
105,Redick,Pelia,cux_akayedo17@aol.com,106
106,Cristopher,Avis,dur-uzeyute7@outlook.com,107
107,Emmit,Jency,xeray_ufepe2@outlook.com,108
108,Evalina,Sherman,wutuke_waze60@yahoo.com,109
109,Kyrae,Avry,ketijob-ira77@outlook.com,110
110,Kyel,Stevin,deradem_uka37@gmail.com,111
111,Saba,Kaisan,hucam-ogoda88@gmail.com,112
112,Toren,Rorie,bin_ukeyapi42@gmail.com,113
113,Melanee,Scarlette,voman-omiru14@hotmail.com,114
114,Rayland,Art,cawarom_uju99@outlook.com,115
115,Anees,Harnoor,vuxu_dobuwo61@mail.com,116
116,Immanuel,Hagen,junaba_hehe28@outlook.com,117
117,Janaye,Azalea,jehi-hupebe35@aol.com,118
118,Malak,Londyn,yuy_unenayu32@aol.com,119
119,Kalyiah,Kohan,cig_iyikoju60@hotmail.com,120
120,Eston,Brisyn,catu_pusapo5@hotmail.com,121
121,Ahsir,Santi,wezilup_uka69@gmail.com,122
122,Jawaun,Jailine,lov-okabica20@gmail.com,123
123,Albert,Rhoslyn,loy_icixofi60@aol.com,124
124,Roary,Amiliana,litiz_ucoro52@gmail.com,125
125,Xianna,Blu,cigimol_aca76@yahoo.com,126
126,Tanmay,Keyarie,tefukot_omo78@outlook.com,127
127,Maryann,Vallerie,wof_unijebo87@aol.com,128
128,Lillyonna,Keigan,yudud-iriga36@hotmail.com,129
129,Tesslyn,Anmol,pivepok_opi75@yahoo.com,130
130,Avaleen,Zaelyn,cisoted_ide72@yahoo.com,131
131,Elza,Yanky,nose-putapa30@aol.com,132
132,Lakelee,Hunt,kala_pezohi56@hotmail.com,133
133,Leevon,Myson,cabame_yava25@aol.com,134
134,Radiance,Zohie,loyuxak_awo55@hotmail.com,135
135,Trinidad,Anneka,kefe_jukeza89@gmail.com,136
136,Lynx,Juhi,wogo-tigisu16@outlook.com,137
137,Michaiah,Rigel,kuci_pukiri29@aol.com,138
138,Sonam,Kenzey,gigi_vehuge76@yahoo.com,139
139,Kylenn,Sian,denufa-juja68@hotmail.com,140
140,Tilian,Jahvier,jabasu_fobu54@mail.com,141
141,Joory,Jaxden,hahuden_ipi20@aol.com,142
142,Mumina,Taqwa,zowo_vewayu91@gmail.com,143
143,Diya,Amma,kuzox-abazo99@aol.com,144
144,Adallyn,Ameerah,totaraf-ixo85@gmail.com,145
145,Zaid,Atzi,zeg_ozogiba74@yahoo.com,146
146,Smith,Ajourney,xuv_inidodi92@outlook.com,147
147,Aziyah,Spurgeon,guve-siwoxu49@hotmail.com,148
148,Charlene,Kham,fudu_zonoso4@aol.com,149
149,Kyre,Trista,viwa_rasefe76@mail.com,150
150,Kye,Myalynn,yidara-ziwu49@gmail.com,151
151,Genesee,Winter,lepa_tuboha96@gmail.com,152
152,Jayliah,Naaman,mecager-uju9@aol.com,153
153,Humayra,Yeraldin,yahosi_hibi81@gmail.com,154
154,Jaydee,Januel,kida_rakube3@gmail.com,155
155,Jkai,Kyshawn,tigo_wobulo25@mail.com,156
156,Nianna,Kymber,fumetog-obi6@hotmail.com,157
157,Lohith,Kaizen,topojuv-ovi26@yahoo.com,158
158,Calloway,Zaydrian,gumor_egowe87@outlook.com,159
159,Arvid,Kiri,pem-upayeyi40@yahoo.com,160
160,Nazareth,Lucciana,pogub_ejuju18@gmail.com,161
161,Jovanny,Aailyah,gujil-okoyu12@hotmail.com,162
162,Lumen,Myles,divay_akifa86@yahoo.com,163
163,Malania,Haifa,lutob-eyedi84@yahoo.com,164
164,Orlin,Francheska,vebam-urofi63@gmail.com,165
165,Anisha,Riccardo,nizavaj-ite39@outlook.com,166
166,Virlan,Mckinzley,mayoni-mine93@gmail.com,167
167,Trygg,Aayra,xak-ufamule20@hotmail.com,168
168,Rukmini,Judah,pures_etuso61@gmail.com,169
169,Walid,Samiir,kudiw-ohaku11@aol.com,170
170,Naveah,Kiaan,yiruto-fago90@gmail.com,171
171,October,Adessa,xuregoy-ero8@mail.com,172
172,Nivia,Kestrel,cowez-itovi55@yahoo.com,173
173,Merelyn,Twila,fuwaxav_exo40@outlook.com,174
174,Zarianna,Raigan,kas-esopozo70@gmail.com,175
175,Jordan,Elden,suxe-fadani55@gmail.com,176
176,Angely,Manreet,jamaje-duji38@yahoo.com,177
177,Wrynn,Mellissa,pixel-osaso75@gmail.com,178
178,Torres,Lenah,lum-eyejubi32@outlook.com,179
179,Harveer,Benjamyn,cig_iyawovu57@outlook.com,180
180,Natalyah,Enslie,kuyekap_ipo69@mail.com,181
181,Belle,Hunner,bev_osoxuma44@gmail.com,182
182,Zavon,Elohim,ricabep_eda50@mail.com,183
183,Lydell,Deleon,duwugu-cotu53@yahoo.com,184
184,Brix,Dayjah,jililax-iwa95@outlook.com,185
185,Charline,Fahd,nux_elerahi5@mail.com,186
186,Oluwatamilore,Dali,segu-noxabo67@gmail.com,187
187,Senna,Chaston,dijiwu-rigo44@mail.com,188
188,Nada,Giomar,giyewep-oxa97@outlook.com,189
189,Jashua,Jovi,comuc-atili14@aol.com,190
190,Arlin,Bana,koku-kutizo58@outlook.com,191
191,Leunam,Raiyn,zip_eraroxi3@yahoo.com,192
192,Lamiracle,Kevin,duhop_emapa67@gmail.com,193
193,Keerthana,Laureen,lalo-pexefe57@gmail.com,194
194,Sevin,Salsabil,jihuh_awahu68@aol.com,195
195,Zacari,Athziry,xir_uwoyovi37@outlook.com,196
196,Samyar,Sabriyah,binu-gavino33@aol.com,197
197,Salahuddin,Jadiel,kufod_ujuci91@outlook.com,198
198,Davinna,Lucero,zoh_ebowoje92@hotmail.com,199
199,Haydin,Suleman,keyumi-baxa6@gmail.com,200
200,Jalina,Freya,cibeg-atixe1@gmail.com,201
201,Zarion,Julyssa,pop_ecijuhe24@mail.com,202
202,Leahny,Karenna,yecib-enayo54@gmail.com,203
203,Kynlee,Nabila,zafum-ekadi46@outlook.com,204
204,Lola,Anaiyah,xocisok-ute38@aol.com,205
205,Rayson,Cristal,caze-fareju78@gmail.com,206
206,Shashwat,Damel,hiyig_enifi42@hotmail.com,207
207,Azeemah,Imrie,lix-uhimeni33@yahoo.com,208
208,Fara,Annalise,woyihe-riye60@mail.com,209
209,Laiklyn,Adream,velet-isoza71@gmail.com,210
210,Jamariah,Rhea,nerocip_era25@mail.com,211
211,Tommie,Zyere,pogur_okino86@gmail.com,212
212,Ruvim,Jazmin,xiconic_uzi90@hotmail.com,213
213,Titilayo,Aashvi,fej_umecoca54@yahoo.com,214
214,Suzan,Kaileena,jaxivu_sosi79@hotmail.com,215
215,Lavender,Nima,gugivav_ace24@hotmail.com,216
216,Miyako,Mace,nurahoj-uge56@aol.com,217
217,Kaynon,Maylin,vazid-uyaxi27@mail.com,218
218,Razan,Milton,vicowev-osu80@yahoo.com,219
219,Alvi,Cheyla,kazo_paketu89@gmail.com,220
220,Dezlynn,Faizan,levafe_gefe10@gmail.com,221
221,Rudy,Rynley,kize_vozuxo81@mail.com,222
222,Anjelica,Itzae,hubob-ekebi72@yahoo.com,223
223,Emonni,Abdulbasit,geduj_ojahu91@hotmail.com,224
224,Mely,Channin,vodab_ihora28@gmail.com,225
225,Kenderick,Rohit,napaxey_awa25@hotmail.com,226
226,Yordy,Cinthya,vow_ijifeni26@yahoo.com,227
227,Tanis,Justyna,guv-itojago31@gmail.com,228
228,Insiya,Khaidyn,jeretuj-ike63@yahoo.com,229
229,Kaedin,Braeden,seri-lazimu94@gmail.com,230
230,Marque,Truly,bob-enuhisu67@yahoo.com,231
231,Axa,Keylen,halon-eweza14@aol.com,232
232,Sammantha,Dalayla,hapuciy_eye47@gmail.com,233
233,Rylen,Maveryk,keh-ilusave22@outlook.com,234
234,Myleigh,Deavon,tifeye_zefi16@hotmail.com,235
235,Amylia,Cary,xulicar-ile82@gmail.com,236
236,Renesme,Niala,befo_lanayu32@outlook.com,237
237,Javell,Harmonni,bamoca-rido43@hotmail.com,238
238,Jordie,Ronyn,kis_adocija16@mail.com,239
239,Aeliana,Avea,hikovus_uyi26@outlook.com,240
240,Kekai,Ketzia,vevelur-eya16@hotmail.com,241
241,Desiderio,Sadiyah,zabovo-hove62@yahoo.com,242
242,Joanthony,Itai,lerulev_iju17@mail.com,243
243,Bryaire,Phinehas,pirevi-nara93@yahoo.com,244
244,Adaiah,Daleon,fifavik_aso75@hotmail.com,245
245,Kiai,Demari,luz-ikigamu20@hotmail.com,246
246,Cyria,Jachin,momes-anixu31@outlook.com,247
247,Ion,Dupree,giro-curogo80@outlook.com,248
248,Amaan,Rand,webejah-uko11@mail.com,249
249,Taylyn,Kahlan,jomiz-ufece52@yahoo.com,250
250,Nariah,Kaidynce,bilo_xefoji22@yahoo.com,251
251,Maddilyn,Laylah,ted_ejujuxe38@aol.com,252
252,Keior,Kailany,ved_avozazo68@aol.com,253
253,Kenrick,Chrysanthemum,ravof-ukace27@yahoo.com,254
254,Darlenys,Spencer,xuji-wojola77@yahoo.com,255
255,Willoughby,Kyrion,noduk-upuko91@yahoo.com,256
256,Damyia,Trudy,yahud-uwopa28@aol.com,257
257,Michaelangelo,Stephany,femefo-hecu48@outlook.com,258
258,Jadis,Marz,xekom_omahu72@outlook.com,259
259,Saki,Ruweyda,duseho_xega21@gmail.com,260
260,Amarius,Chantelle,jer-ayezese93@aol.com,261
261,Jaycob,Naftoli,mih_enuhiya54@hotmail.com,262
262,Roselyn,Jersey,pawupu-fogi3@mail.com,263
263,Khyir,Quamir,boha_bapiyo90@aol.com,264
264,Jaxtin,Favian,pocit-iguga35@aol.com,265
265,Samai,Darrius,yinume_pima22@mail.com,266
266,Jandel,Seager,zawilu-behe95@hotmail.com,267
267,Ayinde,Argenis,nomuz-ecawi32@outlook.com,268
268,Sachi,Jahari,kajatow-uco70@hotmail.com,269
269,Anaila,Haegan,nex_usikixu14@hotmail.com,270
270,Aceyn,Kyrsten,hugo-zobeja9@yahoo.com,271
271,Dangelo,Zoanna,dewof_izapu93@hotmail.com,272
272,Henchy,Lenoxx,diricix_etu9@aol.com,273
273,Eliyanah,Hally,rifu_kinemi99@hotmail.com,274
274,Wylie,Galit,xup-omacenu47@hotmail.com,275
275,Skyler,Azori,hafoca_vaya93@outlook.com,276
276,Lovie,Taiwan,dihay-egopu38@aol.com,277
277,Avey,Somi,sayika_xeba33@yahoo.com,278
278,Zyion,Ewen,tixey_ufasi76@gmail.com,279
279,Torren,Kaylinn,fip_oruzinu76@gmail.com,280
280,Panayiotis,Katrina,loduf_odisa19@yahoo.com,281
281,Carlyle,Aviyah,kususak_oro64@outlook.com,282
282,Bryleigh,Koraleigh,yoma-suyesi8@yahoo.com,283
283,Nahir,Ruhaan,pifuv_uruxi13@yahoo.com,284
284,Mega,Beck,xiwo_lemubo91@yahoo.com,285
285,Kamilah,Jaaliyah,xigavi-ripu92@gmail.com,286
286,Breckon,Davina,pugosim-ifo43@hotmail.com,287
287,Adileni,Marnie,cifud-ozozu83@mail.com,288
288,Ayaka,Janeen,yoci-sixuba46@gmail.com,289
289,Montae,Jenavie,nusenis_ayu42@aol.com,290
290,Peony,Honor,viw_adiyena43@yahoo.com,291
291,Jaaziel,Jessejames,hoxace-weje64@gmail.com,292
292,Jorawar,Olivia,cuke-cimayi65@mail.com,293
293,Lovensky,Etzio,dok_odekato82@yahoo.com,294
294,Yusha,Maryelizabeth,saroc_ujopo12@gmail.com,295
295,Yoshua,Priyansh,yikuro-kire72@gmail.com,296
296,Graesyn,Kamorah,filamo_loke92@gmail.com,297
297,Kloe,Phinneas,bobo-tacuca39@mail.com,298
298,Emiliah,Artemiy,pebu-texuti29@gmail.com,299
299,Tacari,Kristen,xabat-etata94@hotmail.com,300
300,Oya,Simcha,las-ufumuda42@hotmail.com,301
301,Covington,Greylen,rab-ureveva49@yahoo.com,302
302,Clio,Margeaux,kojeroc-osi96@yahoo.com,303
303,Fatima,Renly,fodi_micesa92@outlook.com,304
304,Aeric,Caesyn,nimi_juvodi48@aol.com,305
305,Aiken,Abbott,doci_biyesi63@hotmail.com,306
306,Demeria,Asiyah,nuluke-guka71@yahoo.com,307
307,Joannah,Ambrosia,hehap-ijeze83@yahoo.com,308
308,Rapheal,Kalub,bulo-veyaco77@yahoo.com,309
309,Jayvien,Zayliah,muvu_tucozi43@hotmail.com,310
310,Isabellah,Erwin,yare-wilase8@gmail.com,311
311,Annalea,Rahel,reb_obividu65@mail.com,312
312,Kevari,Karmynn,fik_etaluzu94@mail.com,313
313,Justyce,Clarisse,gawuti-ciru31@yahoo.com,314
314,Levy,Brelyn,bece_vaduci37@gmail.com,315
315,Oriane,Nidal,jaru-nidani14@yahoo.com,316
316,Deaire,Tamya,vete_wumimo17@yahoo.com,317
317,Andrei,Sandy,kox_izuhije53@hotmail.com,318
318,Ziqi,Tevan,witad_ubonu4@gmail.com,319
319,Addalyn,Skyleen,kejayux_azi90@aol.com,320
320,Kathlyn,Stuart,nevo_rineko9@mail.com,321
321,Bond,Layne,biz-acinopu90@yahoo.com,322
322,Paitynn,Aloha,rafel_obiti20@hotmail.com,323
323,Rhenlee,Apostolos,nopokuc_icu8@outlook.com,324
324,Eveleigh,Madelena,pofav_izawe1@outlook.com,325
325,Brisha,Hrihaan,cejajis_upe63@hotmail.com,326
326,Zemora,Brigitte,liragu-zobu25@gmail.com,327
327,Trany,Alontae,vakepa-pivo18@aol.com,328
328,Jlynn,Roxen,ricimu-deze77@mail.com,329
329,Romy,Etai,nedajo-yoyo31@outlook.com,330
330,Theon,Camauri,veh-orunega96@outlook.com,331
331,Teo,Lailoni,juw_alisoto68@yahoo.com,332
332,Cinthya,Kaysen,yajek-ulame73@mail.com,333
333,Yeshaya,Chi,yosugo_pilu7@gmail.com,334
334,Maddax,Maleigha,sativa_sogi10@yahoo.com,335
335,Bowdrie,Kader,lexo_polenu79@gmail.com,336
336,Kaydn,Kooper,zakar_ovija39@outlook.com,337
337,Lizette,Livie,cudewar_avo40@mail.com,338
338,Rafferty,Zahvia,cak-acuyovo26@aol.com,339
339,Donovon,Dolan,kikaj_evace67@outlook.com,340
340,Georgianna,Hrishaan,zawigap-oxu57@outlook.com,341
341,Brancen,Muneeb,fijujux-ewi97@mail.com,342
342,Reinette,Sabree,bexovog_iru62@mail.com,343
343,Ashtyn,Takshvi,pey-utoyope87@gmail.com,344
344,Soliyana,Cavin,rolomaz-uhi31@yahoo.com,345
345,Ibukunoluwa,Tamsin,hiya-xiwewo42@outlook.com,346
346,Carlisle,Nyliah,fuzo-pereta45@gmail.com,347
347,Sam,Arianie,majen-afoxe97@aol.com,348
348,Whitson,Milca,tewogaj-uvi22@gmail.com,349
349,Adalay,Zaydah,timu_nidove22@mail.com,350
350,Nohely,Tytiana,dukut_ekati36@outlook.com,351
351,Aleksander,Leta,gukole_xaye46@gmail.com,352
352,Abdulkadir,Rilla,het_osafaga40@aol.com,353
353,Zyen,Rhya,ceva-nowoye32@outlook.com,354
354,Addison,Matea,cage_noyika99@outlook.com,355
355,Kathy,Kaleah,jimunu_gohe24@outlook.com,356
356,Emunah,Azaiah,kemo-peduco8@gmail.com,357
357,Tessah,Mak,wacedi_goyi98@outlook.com,358
358,Izaya,Fallyn,jusovit_iru61@gmail.com,359
359,Elkin,Daksha,rikovug-eco36@gmail.com,360
360,Klaus,Ramiyah,tumaf-ilazo10@hotmail.com,361
361,Tabatha,Asah,bev_ifewifa96@yahoo.com,362
362,Rai,Maadhav,gozo_bedocu92@aol.com,363
363,Benz,Leniyah,ruge_yulozi53@mail.com,364
364,Tala,Kunal,canefad_uxa93@mail.com,365
365,Germany,Tsion,ketepo-sibi47@mail.com,366
366,Sarrah,Kourtnei,sosune_juri21@hotmail.com,367
367,Valkyrie,Adilene,kor_otewidu23@hotmail.com,368
368,Amari,Elin,jox_obapizo5@aol.com,369
369,Lama,Jerald,zami_bawebi36@aol.com,370
370,Sayveon,Quincy,zumem-anayi99@outlook.com,371
371,Harley,Deyra,tucu_mujahu63@gmail.com,372
372,Hooria,Ivianna,difija_xazi22@yahoo.com,373
373,Nahzir,Sandra,jeh_igezima38@hotmail.com,374
374,Jago,Kyce,wezu-seneko81@gmail.com,375
375,Victoria,Evagrace,loxawa-kuma44@aol.com,376
376,Jasia,Jaxx,was_edekehu72@aol.com,377
377,Beckum,Alva,kubidav-ihu4@mail.com,378
378,Romelia,Corazon,cubet-irige56@gmail.com,379
379,Quint,Grantlee,boviv_okeka5@yahoo.com,380
380,Nao,Jayden,biwum-aweyo69@hotmail.com,381
381,Havish,Raylani,cijefe_bivi21@aol.com,382
382,Ronak,Laylianna,teped_udixa84@gmail.com,383
383,Zylee,Richardson,xesi_fuxoga36@outlook.com,384
384,Johnthomas,Edeline,yiraze-dedu40@hotmail.com,385
385,Keyani,Jasir,tokor-adeya81@mail.com,386
386,Ronnel,Rayleigh,zesu_wuvati39@mail.com,387
387,Lyah,Bralynn,dabafaj-enu46@mail.com,388
388,Alaynah,Barrick,gavuv_axoci35@hotmail.com,389
389,Brinton,Deryck,vobasa-nehe78@outlook.com,390
390,Bekah,Ivonne,fup-ebatami71@gmail.com,391
391,Bailee,Knowledge,tovov-evuyu99@mail.com,392
392,Haylynn,Raelyn,kibiy-uwiko76@outlook.com,393
393,Avalon,Lenna,risut_abego93@outlook.com,394
394,Linkin,Safaa,tikav_ituti32@hotmail.com,395
395,Yanely,Kimara,matut-abaju7@gmail.com,396
396,Avleen,Vana,votugaj_ufo54@mail.com,397
397,Naphtali,Kamella,yos_ihecome88@mail.com,398
398,Daxter,Travis,hebudo_mibi32@outlook.com,399
399,Sadi,Kesleigh,cez-evivofe53@gmail.com,400
400,Cecily,Avarose,reka-nerebi89@hotmail.com,401
401,Warner,Anaveah,mal_uyanafo86@yahoo.com,402
402,Cyana,Leiam,copi-zofebu53@yahoo.com,403
403,Elley,Tyrae,kixenab-eru59@gmail.com,404
404,Pesach,Billion,xagogeb_ume91@aol.com,405
405,Alana,Cheyanna,xuz-ikaduza20@outlook.com,406
406,Janani,Fizza,yidedab_upi44@mail.com,407
407,Ozlynn,Kalder,ruli_nefuzi70@aol.com,408
408,Alayia,Westyn,purikor-ora48@mail.com,409
409,Brenden,Ngun,hefoz_epixo2@hotmail.com,410
410,Travone,Nadiah,wavon_afufi57@gmail.com,411
411,Liyat,Drew,moru_moleco96@gmail.com,412
412,Vyan,Suki,weg-ibucefo2@hotmail.com,413
413,Arya,Zohaib,heyaw_ujisa80@yahoo.com,414
414,Olaoluwa,Lesandro,kubipu-woje49@gmail.com,415
415,Roscoe,Avery,biyenar_inu21@mail.com,416
416,Tylar,Aser,wuhip-ixiku77@mail.com,417
417,Bodhi,Nataly,pal_ilovajo82@aol.com,418
418,Dalayah,Laylamarie,wase-pirudu49@hotmail.com,419
419,Anshi,Marylou,biy_ekugoga8@mail.com,420
420,Jirah,Merola,lehot_uwoma57@gmail.com,421
421,Anmol,Khalid,watiz-idiro28@mail.com,422
422,Waylan,Kruze,fomodi_sawi3@outlook.com,423
423,Gracely,Lyricc,koz-imufile33@outlook.com,424
424,Hanson,Thang,xij-uwedoce2@aol.com,425
425,Macon,Elgin,puhubi_wimu97@yahoo.com,426
426,Yolanda,Kinsely,vuwox_egebi75@yahoo.com,427
427,Renan,Syncere,sajoluj_ocu74@mail.com,428
428,Gable,Naavya,dabisu_cazo72@gmail.com,429
429,Kaii,Kourtni,cez_uzofoto38@outlook.com,430
430,Odelia,Delfina,vicirof_ayu69@gmail.com,431
431,Montay,Savian,win_elixeco65@hotmail.com,432
432,Makaylee,Rune,zonewol-obu18@aol.com,433
433,Lafayette,Maryjean,siyibex_eje27@aol.com,434
434,Hairo,Karma,lutezoz_aho75@hotmail.com,435
435,Janellie,Dilan,belix-usova79@gmail.com,436
436,Hershel,Jakoby,yipejob-aco38@mail.com,437
437,Aabid,Bilal,doca_veziva9@outlook.com,438
438,Telvin,Alonni,rasenep-igi17@hotmail.com,439
439,Lydianna,Devoiry,ladoxux-opo83@yahoo.com,440
440,Emmaree,Gilberto,nel_elukedu63@aol.com,441
441,Staton,Garyson,coyugik-ugo99@outlook.com,442
442,Johnpatrick,Xavier,ger_abidanu28@yahoo.com,443
443,Rosealee,Adithi,yege-biyina4@aol.com,444
444,Mattie,Jancarlo,wesi-fuxabo64@outlook.com,445
445,Adelaine,Kharlee,xonemi_vegu46@mail.com,446
446,Beckham,Osmond,nelas-awuco76@aol.com,447
447,Evanora,Alarah,raleh_ofavi16@gmail.com,448
448,Latrinity,Diani,bob_icomeku46@hotmail.com,449
449,Shuri,Ved,tuhayug-uca4@yahoo.com,450
450,Merola,Skyden,tawice-zeje22@hotmail.com,451
451,Ailey,Annica,xenofat_exu26@yahoo.com,452
452,Korey,Meli,lawen_idewu48@hotmail.com,453
453,Lynley,Namiah,nuyake-wofo1@outlook.com,454
454,Xyleena,Kobi,xijacey-ohe89@outlook.com,455
455,Andersson,Jorryn,curali-mema49@gmail.com,456
456,Oryon,Ainoa,yub-ikiguli86@yahoo.com,457
457,Dhriti,Marcia,keba_cahubi94@gmail.com,458
458,Malyk,Caedmon,wugicok_asu85@gmail.com,459
459,Babyboy,Behnam,duhagol_ume15@yahoo.com,460
460,Cresencio,Rhett,jatay_eyuko25@gmail.com,461
461,Serenah,Franko,tap-ikasecu42@outlook.com,462
462,Greylin,Tahara,bif-uzuyavu20@mail.com,463
463,Harriet,Avila,savebe_wade43@yahoo.com,464
464,Laela,Sajid,fap_afiriwu85@aol.com,465
465,Zanyia,Reizel,kex_ososiju47@gmail.com,466
466,Oaklynn,Hayes,zom-ebaxeze30@yahoo.com,467
467,Clarissa,Eylon,rap-owejiza51@hotmail.com,468
468,Nare,Earl,jimuc_etami28@aol.com,469
469,Ridleigh,Ahtziri,yeyenug_eyi4@hotmail.com,470
470,Zulema,Gaberiel,vovex_ibaju92@outlook.com,471
471,Niyomi,Avia,rek_avogiwu50@aol.com,472
472,Knighton,Kiptyn,yeve-cujomu75@gmail.com,473
473,Malichi,Keyarra,tohos_uyaba1@outlook.com,474
474,Liyana,Kiros,xiw_apateji42@yahoo.com,475
475,Israella,Noomi,xetob_uvamo22@gmail.com,476
476,Hawkin,Hanley,mud_ubifuba75@aol.com,477
477,Jaciel,Kylene,gefifen-ujo70@gmail.com,478
478,Phenyx,Jannah,hezira_viyi90@hotmail.com,479
479,Sheffield,Aalasia,vaxopu_vora54@mail.com,480
480,Jaspen,Kerem,joni-mojohe65@aol.com,481
481,Koey,Sybella,sotovo-tavu19@outlook.com,482
482,Harlem,Britton,desunoy_ewa94@mail.com,483
483,Emmalou,Renata,xez-azodera68@mail.com,484
484,Vivia,Elishua,wuziwe-reki92@outlook.com,485
485,Felice,Zarah,fehot_ulapo33@aol.com,486
486,Tatyana,Tyra,geco-wuzune4@mail.com,487
487,Petr,Arline,peguya_vuho1@gmail.com,488
488,Zhion,Mikal,kun_ilaxezu46@aol.com,489
489,Anastasia,Keilyn,wuguto-horo45@outlook.com,490
490,Aylinn,Araiyah,saxab-aneli47@outlook.com,491
491,Pilot,Jenna,difeh_ukole14@outlook.com,492
492,Addysen,Kylia,tehej_ixulu74@outlook.com,493
493,Kiaan,Zihir,wome-vakoge19@hotmail.com,494
494,Malori,Zeplyn,nadujod_igi66@yahoo.com,495
495,Salix,Braylin,nuseha-nebi35@hotmail.com,496
496,Audrick,Armanii,sikedu-hato61@hotmail.com,497
497,Bryxton,Zephaniah,puc-ufokese3@mail.com,498
498,Javontay,Aneth,susi_gicese81@mail.com,499
499,Tylon,Faven,yuziv_umove58@hotmail.com,500
500,Arien,Zawadi,luzuve-huxe11@gmail.com,501
501,Breken,Gwenyth,labo_kowawi98@aol.com,502
502,Omari,Khadeejah,zenozay-uxe34@mail.com,503
503,Evellyn,Nayelli,tujij-ojeha69@mail.com,504
504,Zaier,Brightly,sew_oxateto52@outlook.com,505
505,Jeramiah,Tamaya,hebupo-moxo43@outlook.com,506
506,Jibrael,Khamar,feroyot-oyo86@mail.com,507
507,Annmarie,Madden,visahoj_eru19@outlook.com,508
508,Chozyn,Taetum,vifo_wirina47@hotmail.com,509
509,Deni,Jayvien,cakik_ifili28@gmail.com,510
510,John,Macen,guzi_hiniko63@hotmail.com,511
511,Keani,Evy,nelabeg_uju2@outlook.com,512
512,Jordany,Eiress,zosuma_pawo25@gmail.com,513
513,Aylen,Nori,pujeru_piya77@aol.com,514
514,Zaelyn,Aaraf,narumam_ala13@outlook.com,515
515,Railynn,Raiyan,vev_eridehu70@gmail.com,516
516,Zoraida,Kamerin,texu-tacivu74@aol.com,517
517,Hendrixx,April,womocop_axi56@hotmail.com,518
518,Khamya,Kavik,gavod-icaxu75@gmail.com,519
519,Kanella,Legion,lowofa_vofe10@gmail.com,520
520,Boe,Belladonna,zorune-geda36@mail.com,521
521,Aseem,Perla,japu-doyata13@hotmail.com,522
522,Iliza,Genesis,gikevur_ino66@outlook.com,523
523,Perri,Roemello,cal_umajawa2@gmail.com,524
524,Junior,Ilya,geguci-muwi8@outlook.com,525
525,Zhariah,Alazay,lesuxu_nefi37@hotmail.com,526
526,Esias,Aliha,tefelep-uce62@yahoo.com,527
527,Ohene,Kayd,naco-leruxa20@hotmail.com,528
528,Maryanna,Devin,cuw_isayizo60@aol.com,529
529,Karra,Jaan,gujuzu_xuwo1@outlook.com,530
530,Kail,Valora,ridiz-asifo55@yahoo.com,531
531,Charleston,Alfonso,yega_riloso31@yahoo.com,532
532,Niomie,Yari,wuseguf-ele30@outlook.com,533
533,Jaeson,Brandan,liriy-upefa34@yahoo.com,534
534,Hollie,Buxton,cajam_emila29@gmail.com,535
535,Nefertiti,Han,jafug-anoco1@gmail.com,536
536,Oaklynne,Darielis,kimepiy-oda70@aol.com,537
537,Korii,Balen,civo_vumaka18@yahoo.com,538
538,Ayaanreddy,Anan,wazuv_ubifi32@hotmail.com,539
539,Anaely,Kayne,goseh-okama14@yahoo.com,540
540,Daya,Abhinav,cun_obipozu79@aol.com,541
541,Kiele,Gisella,xopow-eyuti23@aol.com,542
542,Jodie,Matei,xoroge_cine34@hotmail.com,543
543,Aarunya,Miking,cuh_isekagu34@gmail.com,544
544,Maliki,Harloe,jize-patelo6@yahoo.com,545
545,Tyran,Paysen,zeya_jeyufa51@gmail.com,546
546,Savina,Camille,gok_apugixu98@mail.com,547
547,Mauriana,Rukaya,zih-ifinesu53@hotmail.com,548
548,Neely,Gannon,nacaca-bisi57@mail.com,549
549,Aragorn,Attica,gex_okaneli90@gmail.com,550
550,Myanna,Fawzan,topil-ifucu61@aol.com,551
551,Gwenith,Nalaya,kaxe_linote37@gmail.com,552
552,Jaxden,Khole,vin_emuwunu66@yahoo.com,553
553,Houston,Drey,ted-oyotizu77@yahoo.com,554
554,Ziel,Aime,gofo-jukuse49@hotmail.com,555
555,Keyvon,Sasha,ceno-lilife48@yahoo.com,556
556,Damarius,Tray,cehikit-ufo49@outlook.com,557
557,Blayden,Hanai,cut-irunuju29@gmail.com,558
558,Rocco,Jahvon,ley_ufoduce8@outlook.com,559
559,Fabien,Ameir,ganajat_iyu15@outlook.com,560
560,Lillieann,Schneur,jilatu_kuri59@aol.com,561
561,Chukwuebuka,Yacob,sojiber-ika70@mail.com,562
562,Majeed,Tracen,rocala-jayo35@aol.com,563
563,Audrei,Derren,vici_robumu98@outlook.com,564
564,Bertie,Timir,jabece_magi78@gmail.com,565
565,Suan,Colbie,fujup-eduxe20@aol.com,566
566,Thailand,Bronze,mokam_upiga67@gmail.com,567
567,Affinity,Kymberlee,goj-atekeku29@mail.com,568
568,Caileigh,Jaecion,zof-afunaxe58@mail.com,569
569,Gavriel,Blima,molixud_ici52@mail.com,570
570,Azreal,Alyna,buwipu_lala4@aol.com,571
571,Nica,Nikole,namozar-uli90@yahoo.com,572
572,Anabeth,Elianne,cakowa-jela22@gmail.com,573
573,Mykael,Raedyn,yaki-danube77@yahoo.com,574
574,Abrea,Katja,puyevut_azo10@mail.com,575
575,Zayde,Uzziel,fupa_jejaco93@gmail.com,576
576,Gevorg,Sophiarose,jirorey_uka15@outlook.com,577
577,Niang,Merna,tujejej_aku91@aol.com,578
578,Mykal,Aizik,dorij_uvoka21@mail.com,579
579,Forrest,Surbhi,per-ifirida36@hotmail.com,580
580,Juliannie,Sochikaima,jomen-osice97@aol.com,581
581,Jiyan,Auroragrace,vavokud_ove78@yahoo.com,582
582,Rubyrose,Darby,faha_soyotu28@aol.com,583
583,Brigitte,Maryfrances,kesup-emuvo71@hotmail.com,584
584,Mekenna,Killian,pokecog-azu6@yahoo.com,585
585,Rigel,Ogden,duku-leciro61@hotmail.com,586
586,Betzayda,Kloie,ducekig-epu91@aol.com,587
587,Araina,Rachit,cobewe-toyu42@mail.com,588
588,Naarah,Jolei,gigeme-fedi91@yahoo.com,589
589,Lucion,Brynne,pod_oyaxuwu95@gmail.com,590
590,Hildy,Gloriana,xoyov-omove3@gmail.com,591
591,Brenin,Ryker,helo-wogapu50@outlook.com,592
592,Thang,Yareli,jiz-urevenu3@gmail.com,593
593,Sherwin,Giuseppe,hulefa_meli37@outlook.com,594
594,Ajani,Preslyn,pit-ozokivu19@mail.com,595
595,Nasser,Neera,ruci_lerari73@aol.com,596
596,Gaven,Shia,guze_rekiwo75@yahoo.com,597
597,Mimi,Merit,witi-naremi56@hotmail.com,598
598,Jarod,Darelys,cuj-axidata31@gmail.com,599
599,Alazne,Athen,sim-obocudi33@yahoo.com,600
600,Munachimso,Kimberlie,revo_pavoti18@yahoo.com,601
601,Tomi,Jeorgia,tur-oyatodi41@aol.com,602
602,Bastien,Abelina,doki_cecixe4@aol.com,603
603,Teodora,Pietro,mutu_paveto22@aol.com,604
604,Jolie,Neyla,guk_atagahi7@yahoo.com,605
605,Theophilos,Adalyna,som_ufimuva47@yahoo.com,606
606,Johan,Aile,webopo_zeni27@aol.com,607
607,Joley,Ram,lacek-azace12@outlook.com,608
608,Kellyn,Cali,latakam-uju6@gmail.com,609
609,Shrey,Alastair,kemajas-ato32@yahoo.com,610
610,Kota,Meziah,kifud-ukesa75@gmail.com,611
611,Yeilin,Kiyara,duvodaj-oku51@aol.com,612
612,Kaylah,Hyrum,vegi-tuxucu16@outlook.com,613
613,Macai,Kodi,sare-jekige14@gmail.com,614
614,Janziel,Paiden,yuxi_yupefe44@gmail.com,615
615,Kera,Hampton,yut_eyagevi12@mail.com,616
616,Matan,Aviva,tefo-jikamo89@outlook.com,617
617,Adhiraj,Rayaan,jeyofa_buwa39@hotmail.com,618
618,Ellianna,Zaim,hiwop-ucuze63@outlook.com,619
619,Kalyna,Makena,wawopug_owa89@yahoo.com,620
620,Suraj,Lovella,luwiyut_eva79@hotmail.com,621
621,Afina,Teasia,yixuceh-eji58@hotmail.com,622
622,Kelechi,Dysen,ruyava-majo31@outlook.com,623
623,Aveanna,Dionni,nohoney_ugo39@yahoo.com,624
624,Coralei,Jamielynn,bital_ozije58@hotmail.com,625
625,Katrice,Yisrael,tow_osihoru75@yahoo.com,626
626,Caliope,Yasseen,pupi_tunivo23@gmail.com,627
627,Masie,Christabel,nic_alocape71@hotmail.com,628
628,Khash,Breyon,yibo_kuhado19@gmail.com,629
629,Ivyana,Ameiah,runivuk-ari87@aol.com,630
630,Zlata,Yeiren,vuxe_cogefi51@mail.com,631
631,Zyniah,Arni,zalatuk_ute2@hotmail.com,632
632,Maribell,Karev,hilo_pisupo96@yahoo.com,633
633,Nimco,Laniah,zub_adazuzu16@aol.com,634
634,Rona,Nathael,zoxa-dujoku53@outlook.com,635
635,Zaylie,Isaiahs,tohigos_alu56@aol.com,636
636,Azaylia,Khase,yibi-fopupi41@outlook.com,637
637,Charley,Varshini,mobunew_iye49@outlook.com,638
638,Norajane,Zayda,wow-ikenima87@aol.com,639
639,Thara,Elian,zozaz_exivu60@yahoo.com,640
640,Manveer,Rovin,mumut-isaco98@hotmail.com,641
641,Aaliya,Billy,lijiwal-amu28@gmail.com,642
642,Khaleia,Saniya,vufafap-ice73@aol.com,643
643,Brae,Yannick,totaja_ruzi71@hotmail.com,644
644,Bryer,Najah,bazofah-oba23@yahoo.com,645
645,Nylah,Lella,wemiviy_ume95@hotmail.com,646
646,Chayson,Khaleesi,kako_xumevi70@aol.com,647
647,Josep,Asyiah,jejox-akune21@outlook.com,648
648,Tej,Lenay,yepez_afina45@aol.com,649
649,Ivann,Shifa,hutapu-modo37@hotmail.com,650
650,Amina,Ailis,wig_ubutone61@mail.com,651
651,Baylon,Cashlynn,taci-sutecu79@hotmail.com,652
652,Elroy,Azyan,ticuteb_awo41@aol.com,653
653,Cherysh,Kreighton,jotuxih-uge83@yahoo.com,654
654,Zo,Genelle,xep-imayimi7@yahoo.com,655
655,Dayzee,Alena,xusez-orule35@mail.com,656
656,Addalie,Kaelie,sucen_umufo6@hotmail.com,657
657,Briyelle,Presli,dudul_aduzi31@yahoo.com,658
658,Cypher,Tycen,texec-elevu41@gmail.com,659
659,Jai,Abdiel,feja_kebowo12@gmail.com,660
660,Graci,Ashad,juwut-uliso44@mail.com,661
661,Annette,Dashae,saz_ahiruro42@outlook.com,662
662,Mariapaula,Kodah,jar_enazadu24@gmail.com,663
663,Nevah,Christ,yagati_sope80@hotmail.com,664
664,Ryann,Khalib,yipasib_ifi15@gmail.com,665
665,Selen,Kamry,linipok_uda40@mail.com,666
666,Aceston,Briyah,fazi_bagiha78@outlook.com,667
667,Delaney,Ichika,mudot_ozuwi73@hotmail.com,668
668,Zamoni,Siddhant,nesu_bujuzu36@gmail.com,669
669,Meriam,Klaira,gerim_osusa87@hotmail.com,670
670,Navy,Cianni,dokiluk-ula45@hotmail.com,671
671,Lilliana,Calden,vuv_amuriwe30@hotmail.com,672
672,Alex,Lyndie,guhedo-zeka31@yahoo.com,673
673,Tuana,Sincerity,wib-azihiba77@aol.com,674
674,Rashaad,Kingjosiah,mosova-fifo7@aol.com,675
675,Clarie,Darrell,ceyehow_oya34@hotmail.com,676
676,Layanna,Betania,jihoma_xaco6@yahoo.com,677
677,Dhanvika,Starlyn,riwibiw-awe14@aol.com,678
678,Rosealina,Grettell,magi-taxoxe93@yahoo.com,679
679,Humza,Karizma,tib-icenemi37@outlook.com,680
680,Jozhiel,Jimmie,new_ulefema99@mail.com,681
681,Hayslee,Moiz,koh_aselotu37@yahoo.com,682
682,Janelle,Channer,bukem-afufu60@mail.com,683
683,Batsheva,Kadrian,fun-ofediki53@mail.com,684
684,Amylee,Leona,hifexu_reri39@outlook.com,685
685,Yan,Kaedynn,jawu-nacuca46@outlook.com,686
686,Skylor,Kessler,losebuk-ore14@yahoo.com,687
687,Catriona,Dangelo,petoki_zeka99@gmail.com,688
688,Tymon,Gaius,lir-irudaye40@mail.com,689
689,Tianah,Azaya,kurogi_nigi28@hotmail.com,690
690,Javin,Esmael,nic_uxolawa15@hotmail.com,691
691,Krizal,Keao,wekekaz_ula10@mail.com,692
692,Heather,Shamon,deped-irica47@outlook.com,693
693,Pascal,Rishi,fege_zalaxa76@outlook.com,694
694,Lens,Mariam,pafodo-yedi69@outlook.com,695
695,Xan,Jettson,cesicav-ina68@gmail.com,696
696,Emmaline,Graylen,nuwaba_yuvi24@yahoo.com,697
697,Juri,Alexius,nati-xarore76@outlook.com,698
698,Bren,Temur,gumikoc_iko10@hotmail.com,699
699,Astra,Kemauri,bidikil_ube38@aol.com,700
700,Tyrone,Roam,wanuy_ibuca43@gmail.com,701
701,Cassi,Lalia,zoy-upugeha79@gmail.com,702
702,Kambria,Neena,fahebig_uwi35@yahoo.com,703
703,Santy,Eron,zucam_izota34@gmail.com,704
704,Muhanad,Javarion,talu-wahoya85@yahoo.com,705
705,Kadija,Quantavius,posa-judebi33@hotmail.com,706
706,Kensie,Breck,wuzewa_peri94@aol.com,707
707,Aelish,Alexa,yepob-ibani41@gmail.com,708
708,Loanna,Deven,peye-xizito98@hotmail.com,709
709,Phong,Jolynn,tavow_abigo1@mail.com,710
710,Aviahna,Antonina,woh-imozame33@aol.com,711
711,Jakorey,Yarleth,racuro_fune94@mail.com,712
712,Ezrael,Crayton,honawew_ato22@mail.com,713
713,Ameira,Frieda,viwos-ifefo13@hotmail.com,714
714,Consuelo,Kyair,nocizo_toye46@hotmail.com,715
715,Acacia,Rasmus,pavo_bivatu97@hotmail.com,716
716,Raahil,Allan,vor_acosima25@aol.com,717
717,Jurzie,Pheonix,xiruya_toxe75@aol.com,718
718,Beia,Zeenah,jila_tabudo57@aol.com,719
719,Nardos,Kyriana,cifovev-eca19@yahoo.com,720
720,Phoenix,Ilah,rewufob-umo88@hotmail.com,721
721,Anahit,Atina,puguxe_gasi34@yahoo.com,722
722,Artemus,Ivy,jezupe-nelo94@aol.com,723
723,Shakur,Baraah,geyano-rebu90@yahoo.com,724
724,Baran,Loralynn,sodores_ahi94@mail.com,725
725,Elizah,Kaidence,dawuyay_agi5@mail.com,726
726,Jaidalyn,Kalis,samac_iruwo17@aol.com,727
727,Noha,Savya,wiyobak-ose79@outlook.com,728
728,Aaidyn,Rosabella,sajal-erela46@yahoo.com,729
729,Mikaelah,Srijan,luvo_zajodu52@mail.com,730
730,Calleigh,Alphonzo,ceboloz-uxa26@mail.com,731
731,Atlanta,Adaliah,poj-ikimupe48@outlook.com,732
732,Vrinda,Reydan,gikeji-hika87@mail.com,733
733,Shalini,Royalty,xazila-kuja68@mail.com,734
734,Aileen,Ivyana,jeron_ehola91@outlook.com,735
735,Maleeka,Ryzen,dune-zudeja13@aol.com,736
736,Maize,Gariel,jifuc_axese25@hotmail.com,737
737,Ubaid,Roscoe,jorom-ecizi49@yahoo.com,738
738,Amere,Amiriah,rawo_sukoti73@mail.com,739
739,Adilynn,Nahomy,meko_redosu39@outlook.com,740
740,Crosby,Raif,zori_jexeze39@yahoo.com,741
741,Philippa,Harvie,foyav_onifo15@outlook.com,742
742,Sagal,Anai,joha_newipa13@gmail.com,743
743,Novalyn,Saloma,luhobo-vuwi88@yahoo.com,744
744,Annaleigha,Kherington,hof_icalura97@outlook.com,745
745,Kanaloa,Demmi,meziyi-zipu81@hotmail.com,746
746,Roque,Carlee,soxafel-ewu51@mail.com,747
747,Arriella,Adom,woweved-oji54@yahoo.com,748
748,Ousman,Jurnei,cojajus-uwa83@outlook.com,749
749,Mouad,Paizlie,lisiwe-zuhu9@outlook.com,750
750,Adamaris,Saria,kowex-ipebo46@gmail.com,751
751,Viktoria,Dominik,kase_pedulo1@aol.com,752
752,Priscilla,Averygrace,vot_ahavefo56@outlook.com,753
753,Ramez,Dash,saromu_zuko8@yahoo.com,754
754,Araceli,Fayth,fec_anuruni12@yahoo.com,755
755,Farah,Anaisabel,doted_oboca70@yahoo.com,756
756,Dudley,Dechlan,saw-akerafe26@yahoo.com,757
757,Nahum,Mesa,hize-zetiwi9@aol.com,758
758,Cyree,Karaline,sivibe-nami14@gmail.com,759
759,Lailynn,Daziya,kefopec-icu93@mail.com,760
760,Miabella,Remia,padikap-avu96@gmail.com,761
761,Carmel,Sitora,vogo-zaviwo66@hotmail.com,762
762,Shannon,Elaina,maseju-piga61@gmail.com,763
763,Averyanna,Samoni,huxisiy-ede52@gmail.com,764
764,Samari,Ridhan,cotun_emesa62@outlook.com,765
765,Nyzaiah,Natalina,xigo-nixeya91@gmail.com,766
766,Embrie,Graysen,zix_asefebo26@gmail.com,767
767,Naliah,Antania,kesoyar_api54@outlook.com,768
768,Zaeda,Jorgie,xeg_isukoru7@outlook.com,769
769,Tailynn,Surie,jacofit_ige63@mail.com,770
770,Shiva,Zakaria,tuw-ivagiju73@yahoo.com,771
771,Anuj,Mataya,wugimec_uno49@hotmail.com,772
772,Esvin,Hazael,yizi-fugeca43@mail.com,773
773,Taden,Olive,ges_asojove66@yahoo.com,774
774,Lavi,Germany,rixofa_voja53@mail.com,775
775,Zeynab,Shaylen,hig-adereya47@yahoo.com,776
776,Adonys,Cairo,guditag_uva84@mail.com,777
777,Laszlo,Cailie,xam_acedode97@gmail.com,778
778,Rihansh,Matthew,tad_ahutura40@aol.com,779
779,Maclain,Phoebie,mawob-okomi34@mail.com,780
780,Kawon,Kyrie,vozi_filexo29@aol.com,781
781,Miles,Lorence,tijup_uzube96@gmail.com,782
782,Frumi,Reegan,bonoyeg-etu34@hotmail.com,783
783,Aryas,Shivani,jezewuj_uve11@yahoo.com,784
784,Izrael,Tritt,wuc_ejewulu4@hotmail.com,785
785,Wentz,Denaiya,kopara-yupe57@aol.com,786
786,Andy,Cing,heyecey-axa62@yahoo.com,787
787,Calvin,Ion,vuraxo-vogo79@yahoo.com,788
788,Arohi,Felton,tif-uviyimu29@yahoo.com,789
789,Desirae,Annalyse,fimoxe_zihi47@outlook.com,790
790,Earnest,Aayliah,ruloyeh-ajo35@mail.com,791
791,Anjelah,Mico,sexayu-piyu45@hotmail.com,792
792,Georgy,Randell,lowudi-sori43@hotmail.com,793
793,Jury,Alanzo,zirewac-eca1@mail.com,794
794,Lawsen,Daishon,narele_weme92@hotmail.com,795
795,Hurley,Claire,juhitat-uyu3@outlook.com,796
796,Jacy,Scot,coxe-xuxuxu50@hotmail.com,797
797,Lynzie,Tamara,jip-ozamela21@outlook.com,798
798,Adama,Kalaiya,sok-ocadasi37@yahoo.com,799
799,Gage,Nyklaus,muxu-bonoti89@mail.com,800
800,Snow,Mung,vawat_omona82@mail.com,801
801,Staley,Zalan,likege_toci37@hotmail.com,802
802,Evienne,Renato,coso_legixu98@mail.com,803
803,Carmelita,Nattaly,pupovi-xito53@outlook.com,804
804,Hasan,Kaylin,duse-reluwi92@aol.com,805
805,Lyndon,Jamicheal,yeti_vibuja75@mail.com,806
806,Winfield,Nehan,laye_yubuwo81@yahoo.com,807
807,Susie,Kynzlei,neni_gicijo40@mail.com,808
808,Zaila,Abdulqadir,kayixik_ije62@gmail.com,809
809,Viena,Kingarthur,cofuhoc_iso21@mail.com,810
810,Kalisi,Mitchell,lakuder-axe23@yahoo.com,811
811,Nabil,Cionna,veva-sisadi99@outlook.com,812
812,Jaily,Zriyah,segaj-ekave62@hotmail.com,813
813,Sabah,Kennadie,mit-ecodufo78@outlook.com,814
814,Jamey,Jaiquan,venagam-oku86@mail.com,815
815,Aubryn,Jenson,camon-orinu25@outlook.com,816
816,Maryelizabeth,Adilena,gaki-cuwoxu53@aol.com,817
817,Olivianna,Shawn,xuxaki-mene93@aol.com,818
818,Tramaine,Lisseth,wonaje_zege60@outlook.com,819
819,Amaiia,Maxwell,livur-ebusu44@aol.com,820
820,Cisco,Theo,kuz_ebamuni94@mail.com,821
821,Creeden,Rameen,limohes_aco72@yahoo.com,822
822,Davida,Dacian,topuho_raxi77@yahoo.com,823
823,Lenni,Brynlee,cuwe-bicehi5@gmail.com,824
824,Rafay,Nataleigh,bibevop_iza76@aol.com,825
825,Johnluke,Parx,pejafu_reto58@yahoo.com,826
826,Nashley,Kevaughn,noh_okuwovu83@yahoo.com,827
827,Jakobie,Aseneth,gevuval-ilo24@hotmail.com,828
828,Aceson,Hrithik,vul_inanuko43@hotmail.com,829
829,Maddock,Kristina,fulu-pogezu89@yahoo.com,830
830,Elek,Aerie,boduca_baru36@mail.com,831
831,Tenzin,Rilyn,duv_anovabo49@hotmail.com,832
832,Hailynn,Jianna,caril_ayuve48@hotmail.com,833
833,Wylin,Norie,nupiwe-yebo98@aol.com,834
834,Hanzo,Suttyn,wowu-begubu81@outlook.com,835
835,Jabes,Andy,poben_iyovo51@aol.com,836
836,Elison,Marlow,but-azivawi2@mail.com,837
837,Destiny,Himmat,loro_vagatu58@hotmail.com,838
838,Brinley,Amillya,moyoju-xaze16@outlook.com,839
839,Marsean,Gisell,zayicux-alo53@gmail.com,840
840,Cainaan,Jahara,yijuha_gepu65@mail.com,841
841,Leylany,Srithan,vajox-apixe98@mail.com,842
842,Vianca,Azzan,basev-awige80@yahoo.com,843
843,Amara,Yachet,selupeb-odi88@aol.com,844
844,Nijel,Marcelis,gafiyo_fape31@mail.com,845
845,Avamae,Pieper,fof-etumini75@gmail.com,846
846,Viggo,Conley,zabone-huzo76@gmail.com,847
847,Mats,Laniyah,koc-ibosevu23@mail.com,848
848,Dima,Zaveon,naw_iyabiso35@outlook.com,849
849,Jordy,Anova,tuzeyog_ibe84@aol.com,850
850,Ricco,Issabella,lerula_gire48@aol.com,851
851,Hart,Cogan,yobuk_ulasa98@hotmail.com,852
852,Arri,Ornella,yuvuba-poha90@yahoo.com,853
853,Johanan,Railyn,lesal_odode70@mail.com,854
854,Kelyn,Deangela,veweda_sice26@yahoo.com,855
855,Ellis,Abdoulaye,lopu_wawinu88@outlook.com,856
856,Shaqir,Aarya,tajer-utuve54@yahoo.com,857
857,Stellar,Daiton,jib-epofumo68@aol.com,858
858,Mazi,Zacari,duw-upiloso4@outlook.com,859
859,Marylyn,Tristyn,coveja_xozu70@gmail.com,860
860,Fitzpatrick,Tinzley,jokulas_ike66@aol.com,861
861,Arturo,Ramiah,tumez_eteda88@yahoo.com,862
862,Astor,Delany,towog_uleno57@mail.com,863
863,Quade,Yoniel,gukopur-iyu78@outlook.com,864
864,Ammaar,Aylie,jofi-doxibu82@hotmail.com,865
865,Heiden,Baylin,yivumez_ala83@mail.com,866
866,Laylanni,Cohen,sipimi_zemi65@aol.com,867
867,Emily,Arelys,dak_ilujake69@outlook.com,868
868,Mckenna,Coree,mayorit-ado26@hotmail.com,869
869,Daliyah,Edelin,wuzet-ocuja1@hotmail.com,870
870,Eagle,Ary,siwodo_dici59@gmail.com,871
871,Crawford,Raeley,wixojiz_iru60@outlook.com,872
872,Gamal,Akira,codut-ovezu50@mail.com,873
873,Calista,Karlene,nalawu-tamu20@aol.com,874
874,Nanea,Elwood,zora-gulawa21@aol.com,875
875,Rovin,Enver,moha_heberu20@hotmail.com,876
876,Yaxeni,Nikola,pob_omeyubu30@aol.com,877
877,Skylynn,Perseus,wuwojib_aja12@outlook.com,878
878,Veronia,Cariana,lel_acebako26@hotmail.com,879
879,Ed,Jafari,fapo-ranica12@gmail.com,880
880,Joakin,Nevaeh,lamo_jegehu99@yahoo.com,881
881,Nakyia,Cori,nesam_ofode35@outlook.com,882
882,Eliska,Sayf,yipes-oxoja20@aol.com,883
883,Novaley,Jordana,rabije-xedi30@aol.com,884
884,Talullah,Windell,zigu_bomugo62@gmail.com,885
885,Birdie,Sheikh,tarusih_ora91@aol.com,886
886,Jerrell,Melodie,pej-ukemuyo99@outlook.com,887
887,Earl,Calib,yibowim-ole29@hotmail.com,888
888,Berend,Masai,nerep-adopa62@hotmail.com,889
889,Karielys,Lida,henu_diziha10@outlook.com,890
890,Jarel,Emalia,wisixo-puxo16@hotmail.com,891
891,Adanna,Atharv,zuzus_avigi78@gmail.com,892
892,Anniah,Deandra,bem_erotoli47@mail.com,893
893,Saint,Lavynder,gop-iloyemo34@aol.com,894
894,Vash,Jiah,bocu_sobija37@yahoo.com,895
895,Grainger,Lebron,giwe_pehipe72@mail.com,896
896,Alleah,Chantz,jipoca-kala65@hotmail.com,897
897,Rosen,Aason,kecom-ixepi12@outlook.com,898
898,Fiammetta,Everlie,gur_iwufowo73@aol.com,899
899,Stellamaris,Brea,wesi-lomoho53@aol.com,900
900,Raley,Kendal,pidawi_wane78@yahoo.com,901
901,Asheton,Talon,xidume-muda66@mail.com,902
902,Uday,Shaielle,lixifif-uja29@hotmail.com,903
903,Ellayna,Apolo,gide_haloge77@yahoo.com,904
904,Jetson,Lovely,ragafow-esu61@mail.com,905
905,Zaveah,Sirjames,sar_asawulu35@outlook.com,906
906,Rea,Nahun,hehagu_difi70@hotmail.com,907
907,Kattaleia,Ellanore,kalaf-ikala73@aol.com,908
908,Shoshanah,Blaire,ritato_yepe79@mail.com,909
909,Carrington,Zoel,royilif_aha68@aol.com,910
910,Banx,Edden,guk_acafugi27@mail.com,911
911,Godfrey,Jordyn,saj_ifuwiyu81@yahoo.com,912
912,Tayana,Talynn,fazuz-ehilo90@hotmail.com,913
913,Christyan,Carrie,gen_ugolihe69@yahoo.com,914
914,Agnes,Jeycob,xocujog-avi56@mail.com,915
915,Britton,Edlin,wifamuc-uzi6@yahoo.com,916
916,Jabriel,Guled,pex-ezoduce23@gmail.com,917
917,Ziara,Alisher,wedofa_loje34@outlook.com,918
918,Kelsy,Knoxley,fet-irudilu30@mail.com,919
919,Tyrel,Ara,hedu_ciriwo47@hotmail.com,920
920,Jaleena,Leahni,mihor-ofopu58@yahoo.com,921
921,Davian,Kaiya,tunoz-ixudu66@gmail.com,922
922,Kumari,Urie,zuvedep-ami41@aol.com,923
923,Haylen,Arri,rimahuk-ofa85@aol.com,924
924,Ameyali,Saphire,risogib_iki52@yahoo.com,925
925,Suyog,Abdihamid,hawe-wuxoze55@aol.com,926
926,Hawa,Avabella,wot-ohemaxi81@yahoo.com,927
927,Meshal,Harly,paxetig_eti66@aol.com,928
928,Lillyanah,Chiron,gehe-nozike57@hotmail.com,929
929,Arlis,Paiyton,yin-uguguri76@mail.com,930
930,Darin,Ayslin,xeg_agotaso63@hotmail.com,931
931,Chantal,Evelynn,yovi-xocimi18@mail.com,932
932,Neha,Jerred,nirewi_cava31@outlook.com,933
933,Mayli,Darien,ciyago_wozu86@gmail.com,934
934,Dane,Farah,yurulos-eja73@aol.com,935
935,Jaylean,Dyllan,vigimux_uwu90@outlook.com,936
936,Shafer,Yussef,mavobah_ufa32@aol.com,937
937,Almighty,Johnmark,nuvawo_cuxo76@outlook.com,938
938,Nahun,Sakari,zajik_emaki70@aol.com,939
939,Karmello,Salem,kuranoc-igo71@mail.com,940
940,Kanoa,Kyleigh,waz-aminudu47@outlook.com,941
941,Elyon,Cristofer,nam-urijuwu10@aol.com,942
942,Kairan,Javar,luxej-obixi52@yahoo.com,943
943,Samrat,Ladainian,ped-atiyama55@outlook.com,944
944,Liandro,Yohandry,mecoyi_pese89@yahoo.com,945
945,Wilson,Ruqaya,xobe-natawi2@hotmail.com,946
946,Pearla,Ziana,xaget-afaza68@outlook.com,947
947,Melisa,Evian,fiso-towija88@aol.com,948
948,Ayleah,Dejaun,mutip-uwove10@gmail.com,949
949,Benyamin,Rhylee,cid-ojihehu30@aol.com,950
950,Braylinn,Tamyah,kuzu-zowufa15@gmail.com,951
951,Jaimie,Ean,vof_ifururo87@mail.com,952
952,Jaxsyn,Gustaf,tavate-lahi51@hotmail.com,953
953,Suvan,Amori,pijas_inoha28@mail.com,954
954,Payten,Kamil,buyuz-oteku5@yahoo.com,955
955,Jalaya,Manaal,weh-ojuhovo20@outlook.com,956
956,Noely,Leyana,femas-enamu78@gmail.com,957
957,Abednego,Shaylyn,jir-esozuxa70@mail.com,958
958,Esther,Mamie,ficayar-axa57@mail.com,959
959,Dominik,Sivan,man-ajowohu19@outlook.com,960
960,Leyana,Annalena,taco-nojafa58@gmail.com,961
961,Vismaya,Quadir,nafek-ehiwu6@yahoo.com,962
962,Emerys,Mariaclara,cutuzo_dopa92@aol.com,963
963,Mafata,Keyasia,fuw-ajezewa27@gmail.com,964
964,Kegan,Benjen,sev-urotayo2@aol.com,965
965,Kavya,Leeandre,dosig-urezu22@mail.com,966
966,Amarianna,Freda,kejar_eciha6@mail.com,967
967,Jonathan,Laelle,woguv-idoni15@mail.com,968
968,Asrith,Kdyn,muzu_teleku87@mail.com,969
969,Alayla,Elsa,harelih-eve66@gmail.com,970
970,Kaislei,Milo,zulo_jipixe84@mail.com,971
971,Jaston,Reyna,bafaxu_huvu1@gmail.com,972
972,Enzio,Leyland,xozes_izeke32@aol.com,973
973,Shani,Josh,gata_focifi52@hotmail.com,974
974,Hani,Zuber,wucuw_aweho26@aol.com,975
975,Leiam,Tesslyn,mecajib-eyu2@mail.com,976
976,Dacia,Jaleia,zimiveh-uka24@hotmail.com,977
977,Noelan,Kashton,yaso_xafoja29@aol.com,978
978,Nature,Britta,dixahal_uke6@aol.com,979
979,Nakoah,Zyra,rihiri_toda73@outlook.com,980
980,Mayreli,Adore,bitase_yevu79@yahoo.com,981
981,Darleth,Sarinah,zipub-ozubi55@yahoo.com,982
982,Nilani,Whittaker,ker-isavohe40@outlook.com,983
983,Nile,Arash,jobon_ibale42@aol.com,984
984,Marli,Asra,sejaf-ugupa26@outlook.com,985
985,Faizan,Swecha,mozala-fila75@aol.com,986
986,Jerod,Georgette,rateya_gope74@hotmail.com,987
987,Ameli,Minh,gat-ecudopo82@yahoo.com,988
988,Kwynn,Haven,lafu-wukeku82@hotmail.com,989
989,Alonte,Aldair,huma-cumile31@aol.com,990
990,Anapaula,Dusty,pucoziy-ebo65@yahoo.com,991
991,Larue,Zurina,zuceva-toso54@hotmail.com,992
992,Caily,Kaliya,gaxaso_ronu85@aol.com,993
993,Beyla,Ephriam,bumaga_leba11@outlook.com,994
994,Dacia,Dashton,jomol_ipulo91@outlook.com,995
995,Noelan,Laisha,fey_izetado16@outlook.com,996
996,Nature,Riley,yiz_ulobica84@outlook.com,997
997,Nakoah,Nita,menujag_ahu37@hotmail.com,998
998,Mayreli,Ephrem,wade-dawupo51@aol.com,999
999,Darleth,Farren,vog-ehosini82@mail.com,1000
